ts,phase,level,confirm,ack_s,attempts,n,bh_mean,bh_sd,bh_min,bh_max,c0_mean,c0_sd,c0_min,c0_max,c1_mean,c1_sd,c1_min,c1_max,sat,z2m_brightness
1789593878.863,ambient_pre,0,z2m,0.06,1,10,7.0,0.00,7,7,6.0,0.00,6,6,1.0,0.00,1,1,,3
1789593882.576,up,1,none,,3,10,7.0,0.00,7,7,6.0,0.00,6,6,1.0,0.00,1,1,,
1789593885.547,up,2,z2m,0.36,1,10,3817.7,7.18,3805,3825,1502.5,1.57,1500,1504,315.0,0.00,315,315,,2
1789593888.519,up,3,z2m,0.36,1,10,4331.7,8.72,4319,4340,1692.7,1.85,1690,1695,352.0,0.00,352,352,,3
1789593891.518,up,4,z2m,0.36,1,10,4870.8,9.44,4852,4877,1893.3,1.95,1891,1896,391.7,0.46,391,392,,4
1789593894.489,up,5,z2m,0.36,1,10,5457.8,11.81,5440,5476,2111.7,2.93,2106,2117,434.3,0.64,433,435,,5
1789593897.486,up,6,z2m,0.36,1,10,6022.3,9.36,5996,6030,2320.5,3.47,2315,2325,475.2,0.75,474,476,,6
1789593900.457,up,7,z2m,0.37,1,10,6584.6,11.17,6561,6598,2532.4,2.87,2528,2536,517.4,0.66,516,518,,7
1789593903.429,up,8,z2m,0.36,1,10,7144.5,14.11,7119,7164,2741.1,2.66,2738,2745,558.0,0.77,557,559,,8
1789593906.400,up,9,z2m,0.36,1,10,7723.3,18.77,7688,7744,2954.0,3.29,2949,2959,599.6,0.66,599,601,,9
1789593909.392,up,10,z2m,0.37,1,10,8328.3,20.23,8300,8368,3180.0,6.31,3171,3193,644.4,1.11,643,647,,10
1789593912.363,up,11,z2m,0.36,1,10,8872.9,12.09,8841,8882,3379.0,3.71,3376,3384,683.2,0.75,682,684,,11
1789593915.335,up,12,z2m,0.36,1,10,9393.1,18.70,9367,9414,3578.7,3.95,3575,3584,722.3,0.64,721,723,,12
1789593918.306,up,13,z2m,0.36,1,10,9941.6,20.42,9907,9960,3779.8,4.28,3775,3785,762.2,0.75,761,763,,13
1789593921.278,up,14,z2m,0.37,1,10,10475.2,20.24,10445,10496,3978.4,4.41,3972,3983,801.0,0.77,800,802,,14
1789593924.249,up,15,z2m,0.36,1,10,11035.6,23.93,10992,11059,4183.6,5.24,4177,4191,841.3,1.27,840,843,,15
1789593927.221,up,16,z2m,0.37,1,10,11605.3,25.55,11569,11632,4395.8,5.38,4390,4404,882.7,1.19,881,884,,16
1789593930.192,up,18,z2m,0.36,1,10,12723.5,30.21,12657,12748,4803.9,5.59,4794,4811,962.8,1.17,961,964,,18
1789593933.164,up,20,z2m,0.36,1,10,13838.7,26.90,13784,13864,5211.1,5.77,5204,5220,1045.0,1.34,1043,1047,,20
1789593936.135,up,24,z2m,0.36,1,10,16038.8,32.85,15969,16066,5842.4,5.64,5838,5852,1216.7,1.10,1215,1218,,24
1789593939.107,up,28,z2m,0.36,1,10,18364.4,7.57,18351,18374,6262.9,6.17,6255,6270,1499.2,1.78,1496,1501,,28
1789593942.078,up,32,z2m,0.36,1,10,20594.7,40.64,20510,20637,6787.9,7.27,6778,6796,1721.7,2.33,1717,1724,,32
1789593945.050,up,40,z2m,0.35,1,10,25197.5,53.25,25090,25246,7621.9,8.09,7611,7632,2306.4,3.56,2300,2312,,40
1789593948.021,up,48,z2m,0.37,1,10,29691.5,42.59,29596,29739,8555.7,9.25,8544,8568,2827.2,2.96,2824,2831,,48
1789593950.993,up,56,z2m,0.36,1,10,33596.6,68.66,33510,33704,9496.0,8.63,9483,9506,3232.1,3.51,3226,3239,,56
1789593953.964,up,64,z2m,0.37,1,10,37346.3,78.68,37207,37436,10358.9,1.92,10357,10363,3637.8,2.14,3636,3643,,64
1789593956.936,up,80,z2m,0.36,1,10,41664.1,84.35,41505,41793,12130.1,3.99,12125,12137,3820.4,3.93,3816,3829,,80
1789593959.907,up,96,z2m,0.36,1,10,42719.4,71.19,42612,42860,13692.1,11.26,13675,13708,3609.4,3.77,3602,3614,,96
1789593963.240,up,112,z2m,0.72,1,10,43736.2,52.87,43650,43814,15154.0,9.60,15138,15165,3452.2,2.86,3448,3457,,112
1789593966.211,up,128,z2m,0.36,1,10,44605.6,57.24,44527,44722,16065.1,9.95,16052,16081,3378.6,3.07,3375,3383,,128
1789593969.183,up,144,z2m,0.36,1,10,45423.4,65.90,45314,45532,16791.7,8.22,16777,16805,3361.1,1.70,3359,3364,,144
1789593972.154,up,160,z2m,0.36,1,10,46098.4,63.69,46000,46208,17284.8,8.20,17269,17300,3394.4,2.06,3390,3398,,160
1789593975.126,up,176,z2m,0.36,1,10,46632.6,57.35,46543,46722,17533.9,7.75,17521,17549,3432.2,1.60,3429,3435,,176
1789593978.097,up,192,z2m,0.36,1,10,47209.2,60.27,47106,47312,17721.5,7.74,17710,17732,3466.5,1.63,3464,3469,,192
1789593981.069,up,208,z2m,0.36,1,10,47652.2,46.94,47554,47746,17890.8,7.77,17882,17903,3497.2,1.60,3495,3500,,208
1789593984.041,up,224,z2m,0.36,1,10,48044.4,53.88,47967,48149,18034.0,8.16,18025,18045,3523.3,1.85,3521,3526,,224
1789593987.012,up,240,z2m,0.35,1,10,48432.5,55.57,48322,48506,18165.8,7.72,18154,18175,3546.8,1.54,3545,3549,,240
1789593989.984,up,254,z2m,0.36,1,10,48688.7,61.17,48600,48801,18261.8,10.19,18247,18275,3563.5,1.91,3560,3566,,254
1789593992.955,down,254,z2m,0.36,1,10,48703.0,52.22,48633,48770,18260.5,6.44,18251,18270,3562.3,1.27,3560,3564,,254
1789593995.927,down,240,z2m,0.36,1,10,48408.9,57.84,48322,48505,18160.2,11.74,18145,18177,3542.0,2.41,3539,3546,,240
1789593998.898,down,224,z2m,0.36,1,10,48062.4,41.69,47976,48116,18035.4,12.59,18022,18059,3517.6,2.62,3515,3522,,224
1789594001.870,down,208,z2m,0.36,1,10,47644.6,50.60,47564,47725,17888.2,8.46,17877,17907,3489.0,2.05,3487,3493,,208
1789594004.861,down,192,z2m,0.37,1,10,47157.8,94.01,47072,47342,17717.0,9.09,17702,17728,3455.7,1.55,3453,3458,,192
1789594007.833,down,176,z2m,0.36,1,10,46680.5,75.83,46542,46802,17525.1,12.57,17504,17544,3418.7,2.53,3415,3423,,176
1789594010.805,down,160,z2m,0.36,1,10,46091.5,69.03,45962,46165,17262.2,11.06,17245,17282,3375.4,2.11,3373,3379,,160
1789594013.776,down,144,z2m,0.36,1,10,46013.6,969.02,45259,47959,17062.1,440.45,16758,17953,3375.0,55.53,3337,3497,,144
1789594016.748,down,128,z2m,0.36,1,10,44610.1,62.55,44483,44686,16043.7,11.60,16032,16063,3358.3,4.22,3353,3366,,128
1789594019.719,down,112,z2m,0.36,1,10,43614.8,72.76,43527,43739,15150.3,11.07,15138,15167,3425.6,3.53,3421,3433,,112
1789594022.691,down,96,z2m,0.36,1,10,42490.4,97.21,42341,42616,13745.7,11.87,13729,13763,3561.9,3.51,3557,3567,,96
1789594025.663,down,80,z2m,0.36,1,10,41278.1,53.14,41185,41346,12154.0,11.94,12140,12173,3776.5,4.50,3770,3784,,80
1789594028.635,down,64,z2m,0.36,1,10,37326.0,71.07,37267,37462,10451.7,10.47,10440,10467,3666.5,4.48,3659,3672,,64
1789594031.687,down,56,z2m,0.45,1,10,33682.6,56.95,33609,33768,9438.5,9.18,9428,9453,3319.6,3.38,3316,3326,,56
1789594034.686,down,48,z2m,0.36,1,10,29847.1,62.61,29731,29914,8600.9,8.77,8590,8614,2891.9,2.55,2888,2896,,48
1789594037.657,down,40,z2m,0.36,1,10,25394.7,52.13,25340,25491,7578.7,8.15,7568,7592,2405.3,2.76,2400,2409,,40
1789594040.629,down,32,z2m,0.36,1,10,20843.2,39.41,20789,20903,6718.4,6.20,6713,6731,1808.7,1.42,1807,1811,,32
1789594043.601,down,28,z2m,0.37,1,10,18488.2,38.30,18438,18538,6301.5,5.66,6297,6312,1519.5,1.28,1518,1521,,28
1789594046.573,down,24,z2m,0.36,1,10,16239.3,36.30,16196,16284,5885.1,5.86,5880,5894,1233.8,1.17,1232,1236,,24
1789594049.544,down,20,z2m,0.35,1,10,14026.9,30.34,14000,14067,5255.0,4.77,5249,5263,1047.5,0.81,1047,1049,,20
1789594052.536,down,18,z2m,0.38,1,10,12902.8,23.37,12853,12925,4861.3,5.08,4854,4871,967.5,1.02,966,969,,18
1789594055.508,down,16,z2m,0.37,1,10,11747.3,25.91,11713,11773,4443.5,4.36,4438,4454,885.9,0.94,885,888,,16
1789594058.506,down,15,z2m,0.35,1,10,11165.5,25.24,11128,11192,4230.0,3.95,4226,4238,844.6,0.80,844,846,,15
1789594061.478,down,14,z2m,0.36,1,10,10595.8,22.36,10569,10619,4019.2,2.71,4017,4025,803.7,0.64,803,805,,14
1789594064.477,down,13,z2m,0.36,1,10,10036.2,19.15,10000,10053,3811.2,3.57,3808,3818,763.3,0.78,762,765,,13
1789594067.449,down,12,z2m,0.36,1,10,9479.2,18.49,9453,9498,3607.0,3.29,3605,3614,723.5,0.81,723,725,,12
1789594070.421,down,11,z2m,0.36,1,10,8949.8,16.32,8917,8960,3406.3,2.10,3405,3412,684.5,0.67,684,686,,11
1789594073.373,down,10,z2m,0.35,1,10,8406.4,15.10,8379,8419,3208.4,2.87,3206,3213,646.1,0.70,645,647,,10
1789594076.344,down,9,z2m,0.36,1,10,7812.0,17.08,7774,7832,2984.5,2.94,2980,2990,602.4,0.80,601,604,,9
1789594079.476,down,8,z2m,0.51,1,10,7218.5,13.81,7193,7235,2765.7,1.85,2763,2770,559.9,0.54,559,561,,8
1789594082.448,down,7,z2m,0.36,1,10,6641.7,12.51,6619,6656,2551.8,1.94,2550,2557,518.3,0.64,518,520,,7
1789594085.420,down,6,z2m,0.36,1,10,6063.3,13.42,6043,6080,2337.4,1.28,2336,2339,476.5,0.67,476,478,,6
1789594088.419,down,5,z2m,0.37,1,10,5502.3,9.06,5485,5513,2128.2,0.75,2127,2129,435.8,0.40,435,436,,5
1789594091.391,down,4,z2m,0.35,1,10,4900.7,9.40,4884,4909,1904.6,0.49,1904,1905,392.3,0.46,392,393,,4
1789594094.362,down,3,z2m,0.36,1,10,4346.7,7.75,4334,4354,1698.7,0.46,1698,1699,352.3,0.46,352,353,,3
1789594097.334,down,2,z2m,0.36,1,10,3822.9,6.30,3811,3828,1503.8,0.60,1502,1504,314.3,0.46,314,315,,2
1789594101.047,down,1,none,,3,10,7.0,0.00,7,7,6.0,0.00,6,6,1.0,0.00,1,1,,
1789594103.729,ambient_post,0,z2m,0.07,1,10,7.0,0.00,7,7,5.9,0.30,5,6,1.0,0.00,1,1,,1
