# device,moes_bench,seconds,8.0,from,254,to,off,t_pub,1789598231.739,t_readback,1789598232.108,readback_level,226,sensors,BH1750 hres MTreg=31 (~54 ms)  TSL2591 id=0x50 gain=1x atime=100 ms
t_rel_pub,bh,c0,c1
-2.000,50175,18830,3712
-1.988,50175,18830,3712
-1.976,50175,18802,3706
-1.964,50194,18802,3706
-1.952,50194,18802,3706
-1.940,50194,18802,3706
-1.928,50194,18802,3706
-1.916,50298,18802,3706
-1.904,50298,18802,3706
-1.892,50298,18802,3706
-1.880,50298,18826,3711
-1.868,50298,18826,3711
-1.856,50233,18826,3711
-1.843,50233,18826,3711
-1.831,50233,18826,3711
-1.819,50233,18826,3711
-1.807,50233,18826,3711
-1.795,50159,18826,3711
-1.783,50159,18826,3711
-1.771,50159,18798,3705
-1.759,50159,18798,3705
-1.747,50199,18798,3705
-1.735,50199,18798,3705
-1.723,50199,18798,3705
-1.711,50199,18798,3705
-1.699,50199,18798,3705
-1.687,50301,18798,3705
-1.675,50301,18798,3705
-1.663,50301,18800,3706
-1.651,50301,18800,3706
-1.639,50301,18800,3706
-1.627,50178,18800,3706
-1.614,50178,18800,3706
-1.602,50178,18800,3706
-1.590,50178,18800,3706
-1.578,50132,18800,3706
-1.566,50132,18768,3700
-1.554,50132,18768,3700
-1.542,50132,18768,3700
-1.530,50132,18768,3700
-1.518,50178,18768,3700
-1.506,50178,18768,3700
-1.494,50178,18768,3700
-1.482,50178,18768,3700
-1.470,50253,18768,3700
-1.458,50253,18798,3706
-1.446,50253,18798,3706
-1.434,50253,18798,3706
-1.422,50253,18798,3706
-1.410,50096,18798,3706
-1.397,50096,18798,3706
-1.385,50096,18798,3706
-1.373,50096,18798,3706
-1.361,50096,18798,3706
-1.349,50104,18767,3700
-1.337,50104,18767,3700
-1.325,50104,18767,3700
-1.313,50104,18767,3700
-1.301,50195,18767,3700
-1.289,50195,18767,3700
-1.277,50195,18767,3700
-1.265,50195,18767,3700
-1.253,50195,18794,3705
-1.241,50137,18794,3705
-1.229,50137,18794,3705
-1.217,50137,18794,3705
-1.205,50137,18794,3705
-1.193,50137,18794,3705
-1.181,50100,18794,3705
-1.168,50100,18794,3705
-1.156,50100,18794,3705
-1.144,50100,18760,3698
-1.132,50146,18760,3698
-1.120,50146,18760,3698
-1.108,50146,18760,3698
-1.096,50146,18760,3698
-1.084,50146,18760,3698
-1.072,50206,18760,3698
-1.060,50206,18760,3698
-1.048,50206,18760,3698
-1.036,50206,18769,3700
-1.024,50206,18769,3700
-1.012,50046,18769,3700
-1.000,50046,18769,3700
-0.988,50046,18769,3700
-0.976,50046,18769,3700
-0.964,50048,18769,3700
-0.951,50048,18769,3700
-0.939,50048,18743,3694
-0.927,50048,18743,3694
-0.915,50048,18743,3694
-0.903,50114,18743,3694
-0.891,50114,18743,3694
-0.879,50114,18743,3694
-0.867,50114,18743,3694
-0.855,50114,18743,3694
-0.843,50135,18743,3694
-0.831,50135,18762,3699
-0.819,50135,18762,3699
-0.807,50135,18762,3699
-0.795,50027,18762,3699
-0.783,50027,18762,3699
-0.771,50027,18762,3699
-0.759,50027,18762,3699
-0.746,50027,18762,3699
-0.734,50050,18762,3699
-0.722,50050,18736,3694
-0.710,50050,18736,3694
-0.698,50050,18736,3694
-0.686,50050,18736,3694
-0.674,50140,18736,3694
-0.662,50140,18736,3694
-0.650,50140,18736,3694
-0.638,50140,18736,3694
-0.626,50050,18756,3697
-0.614,50050,18756,3697
-0.602,50050,18756,3697
-0.590,50050,18756,3697
-0.578,50050,18756,3697
-0.566,49986,18756,3697
-0.554,49986,18756,3697
-0.542,49986,18756,3697
-0.529,49986,18756,3697
-0.517,49986,18735,3693
-0.505,50050,18735,3693
-0.493,50050,18735,3693
-0.481,50050,18735,3693
-0.469,50050,18735,3693
-0.457,50038,18735,3693
-0.445,50038,18735,3693
-0.433,50038,18735,3693
-0.421,50038,18735,3693
-0.409,50038,18729,3691
-0.397,50034,18729,3691
-0.385,50034,18729,3691
-0.373,50034,18729,3691
-0.361,50034,18729,3691
-0.349,50034,18729,3691
-0.337,50004,18729,3691
-0.325,50004,18729,3691
-0.312,50004,18729,3692
-0.300,50004,18729,3692
-0.288,49986,18729,3692
-0.276,49986,18729,3692
-0.264,49986,18729,3692
-0.252,49986,18729,3692
-0.240,49986,18729,3692
-0.228,50094,18729,3692
-0.216,50094,18729,3692
-0.204,50094,18722,3690
-0.192,50094,18722,3690
-0.180,50094,18722,3690
-0.168,49981,18722,3690
-0.156,49981,18722,3690
-0.144,49981,18722,3690
-0.132,49981,18722,3690
-0.120,49976,18722,3690
-0.108,49976,18722,3690
-0.095,49976,18730,3692
-0.083,49976,18730,3692
-0.071,49976,18730,3692
-0.059,49955,18730,3692
-0.047,49955,18730,3692
-0.035,49955,18730,3692
-0.023,49955,18730,3692
-0.011,49955,18730,3692
0.001,50024,18714,3689
0.013,50024,18714,3689
0.025,50024,18714,3689
0.037,50024,18714,3689
0.049,49971,18714,3689
0.061,49971,18714,3689
0.073,49971,18714,3689
0.085,49971,18714,3689
0.097,49971,18714,3689
0.110,49771,18675,3681
0.122,49771,18675,3681
0.134,49771,18675,3681
0.146,49771,18675,3681
0.158,49771,18675,3681
0.170,49729,18675,3681
0.182,49729,18675,3681
0.194,49729,18675,3681
0.206,49729,18675,3681
0.218,49666,18593,3667
0.230,49666,18593,3667
0.242,49666,18593,3667
0.254,49666,18593,3667
0.266,49666,18593,3667
0.278,49538,18593,3667
0.290,49538,18593,3667
0.302,49538,18593,3667
0.314,49538,18534,3655
0.327,49286,18534,3655
0.339,49286,18534,3655
0.351,49286,18534,3655
0.363,49286,18534,3655
0.375,49286,18534,3655
0.387,49308,18534,3655
0.399,49308,18534,3655
0.411,49308,18534,3655
0.423,49308,18441,3637
0.435,49308,18441,3637
0.447,49082,18441,3637
0.459,49082,18441,3637
0.471,49082,18441,3637
0.483,49082,18441,3637
0.495,48999,18441,3637
0.507,48999,18441,3637
0.519,48999,18363,3621
0.531,48999,18363,3621
0.544,48999,18363,3621
0.556,48885,18363,3621
0.568,48885,18363,3621
0.580,48885,18363,3621
0.592,48885,18363,3621
0.604,48885,18363,3621
0.616,48770,18363,3621
0.628,48770,18264,3603
0.640,48770,18264,3603
0.652,48770,18264,3603
0.664,48605,18264,3603
0.676,48605,18264,3603
0.688,48605,18264,3603
0.700,48605,18264,3603
0.712,48605,18264,3603
0.724,48408,18264,3603
0.736,48408,18199,3590
0.748,48408,18199,3590
0.761,48408,18199,3590
0.773,48408,18199,3590
0.785,48386,18199,3590
0.797,48386,18199,3590
0.809,48386,18199,3590
0.821,48386,18199,3590
0.833,48241,18097,3571
0.845,48241,18097,3571
0.857,48241,18097,3571
0.869,48241,18097,3571
0.881,48241,18097,3571
0.893,48000,18097,3571
0.905,48000,18097,3571
0.917,48000,18097,3571
0.929,48000,18097,3571
0.941,47958,18017,3555
0.953,47958,18017,3555
0.965,47958,18017,3555
0.978,47958,18017,3555
0.990,47958,18017,3555
1.002,47812,18017,3555
1.014,47812,18017,3555
1.026,47812,18017,3555
1.038,47812,18017,3555
1.050,47812,17881,3530
1.062,47614,17881,3530
1.074,47614,17881,3530
1.086,47614,17881,3530
1.098,47614,17881,3530
1.110,47463,17881,3530
1.122,47463,17881,3530
1.134,47463,17881,3530
1.146,47463,17748,3517
1.158,47463,17748,3517
1.170,47464,17748,3517
1.182,47464,17748,3517
1.195,47464,17748,3517
1.207,47464,17748,3517
1.219,47464,17748,3517
1.231,47216,17748,3517
1.243,47216,17748,3517
1.255,47216,17538,3498
1.267,47216,17538,3498
1.279,47006,17538,3498
1.291,47006,17538,3498
1.303,47006,17538,3498
1.315,47006,17538,3498
1.327,47006,17538,3498
1.339,46980,17538,3498
1.351,46980,17538,3498
1.363,46980,17304,3488
1.375,46980,17304,3488
1.387,46625,17304,3488
1.400,46625,17304,3488
1.412,46625,17304,3488
1.424,46625,17304,3488
1.436,46625,17304,3488
1.448,46466,17304,3488
1.460,46466,16986,3475
1.472,46466,16986,3475
1.484,46466,16986,3475
1.496,46466,16986,3475
1.508,46402,16986,3475
1.520,46402,16986,3475
1.532,46402,16986,3475
1.544,46402,16986,3475
1.556,46312,16986,3475
1.568,46312,16695,3485
1.580,46312,16695,3485
1.592,46312,16695,3485
1.604,46312,16695,3485
1.617,45954,16695,3485
1.629,45954,16695,3485
1.641,45954,16695,3485
1.653,45954,16695,3485
1.665,45954,16695,3485
1.677,45826,16373,3498
1.689,45826,16373,3498
1.701,45826,16373,3498
1.713,45826,16373,3498
1.725,45707,16373,3498
1.737,45707,16373,3498
1.749,45707,16373,3498
1.761,45707,16373,3498
1.773,45707,16045,3521
1.785,45547,16045,3521
1.797,45547,16045,3521
1.809,45547,16045,3521
1.821,45547,16045,3521
1.834,45547,16045,3521
1.846,45309,16045,3521
1.858,45309,16045,3521
1.870,45309,16045,3521
1.882,45309,15684,3539
1.894,45051,15684,3539
1.906,45051,15684,3539
1.918,45051,15684,3539
1.930,45051,15684,3539
1.942,45051,15684,3539
1.954,44970,15684,3539
1.966,44970,15684,3539
1.978,44970,15684,3539
1.990,44970,15287,3563
2.002,44970,15287,3563
2.014,44750,15287,3563
2.026,44750,15287,3563
2.038,44750,15287,3563
2.051,44750,15287,3563
2.063,44416,15287,3563
2.075,44416,15287,3563
2.087,44416,14803,3607
2.099,44416,14803,3607
2.111,44416,14803,3607
2.123,44325,14803,3607
2.135,44325,14803,3607
2.147,44325,14803,3607
2.159,44325,14803,3607
2.171,44143,14803,3607
2.183,44143,14803,3607
2.195,44143,14265,3659
2.207,44143,14265,3659
2.219,44143,14265,3659
2.231,43874,14265,3659
2.243,43874,14265,3659
2.255,43874,14265,3659
2.268,43874,14265,3659
2.280,43874,14265,3659
2.292,43617,14265,3659
2.304,43617,13747,3703
2.316,43617,13747,3703
2.328,43617,13747,3703
2.340,43392,13747,3703
2.352,43392,13747,3703
2.364,43392,13747,3703
2.376,43392,13747,3703
2.388,43392,13747,3703
2.400,43124,13223,3753
2.412,43124,13223,3753
2.424,43124,13223,3753
2.436,43124,13223,3753
2.448,43124,13223,3753
2.460,43065,13223,3753
2.472,43065,13223,3753
2.485,43065,13223,3753
2.497,43065,13223,3753
2.509,42690,12743,3821
2.521,42690,12743,3821
2.533,42690,12743,3821
2.545,42690,12743,3821
2.557,42690,12743,3821
2.569,42660,12743,3821
2.581,42660,12743,3821
2.593,42660,12743,3821
2.605,42660,12743,3821
2.617,42660,12260,3891
2.629,42346,12260,3891
2.641,42346,12260,3891
2.653,42346,12260,3891
2.665,42346,12260,3891
2.677,42254,12260,3891
2.689,42254,12260,3891
2.702,42254,12260,3891
2.714,42254,11791,3961
2.726,42254,11791,3961
2.738,41718,11791,3961
2.750,41718,11791,3961
2.762,41718,11791,3961
2.774,41718,11791,3961
2.786,41041,11791,3961
2.798,41041,11791,3961
2.810,41041,11791,3961
2.822,41041,11301,3895
2.834,41041,11301,3895
2.846,40157,11301,3895
2.858,40157,11301,3895
2.870,40157,11301,3895
2.882,40157,11301,3895
2.894,40157,11301,3895
2.907,39106,11301,3895
2.919,39106,10819,3740
2.931,39106,10819,3740
2.943,39106,10819,3740
2.955,38131,10819,3740
2.967,38131,10819,3740
2.979,38131,10819,3740
2.991,38131,10819,3740
3.003,38131,10819,3740
3.015,37058,10819,3740
3.027,37058,10363,3557
3.039,37058,10363,3557
3.051,37058,10363,3557
3.063,37058,10363,3557
3.075,36138,10363,3557
3.087,36138,10363,3557
3.099,36138,10363,3557
3.111,36138,10363,3557
3.124,35130,10363,3557
3.136,35130,9926,3382
3.148,35130,9926,3382
3.160,35130,9926,3382
3.172,35130,9926,3382
3.184,34251,9926,3382
3.196,34251,9926,3382
3.208,34251,9926,3382
3.220,34251,9926,3382
3.232,34251,9489,3207
3.244,33284,9489,3207
3.256,33284,9489,3207
3.268,33284,9489,3207
3.280,33284,9489,3207
3.292,32450,9489,3207
3.304,32450,9489,3207
3.316,32450,9489,3207
3.328,32450,9489,3207
3.341,32450,9104,3054
3.353,31566,9104,3054
3.365,31566,9104,3054
3.377,31566,9104,3054
3.389,31566,9104,3054
3.401,30668,9104,3054
3.413,30668,9104,3054
3.425,30668,9104,3054
3.437,30668,9104,3054
3.449,30668,8724,2875
3.461,29749,8724,2875
3.473,29749,8724,2875
3.485,29749,8724,2875
3.497,29749,8724,2875
3.509,29749,8724,2875
3.521,28725,8724,2875
3.533,28725,8724,2875
3.545,28725,8355,2686
3.558,28725,8355,2686
3.570,27861,8355,2686
3.582,27861,8355,2686
3.594,27861,8355,2686
3.606,27861,8355,2686
3.618,27861,8355,2686
3.630,27051,8355,2686
3.642,27051,8355,2686
3.654,27051,7993,2484
3.666,27051,7993,2484
3.678,27051,7993,2484
3.690,26114,7993,2484
3.702,26114,7993,2484
3.714,26114,7993,2484
3.726,26114,7993,2484
3.738,25154,7993,2484
3.750,25154,7993,2484
3.763,25154,7653,2301
3.775,25154,7653,2301
3.787,25154,7653,2301
3.799,24194,7653,2301
3.811,24194,7653,2301
3.823,24194,7653,2301
3.835,24194,7653,2301
3.847,23475,7653,2301
3.859,23475,7361,2107
3.871,23475,7361,2107
3.883,23475,7361,2107
3.895,23475,7361,2107
3.907,22494,7361,2107
3.919,22494,7361,2107
3.931,22494,7361,2107
3.943,22494,7361,2107
3.955,22494,7361,2107
3.967,21777,7034,1931
3.980,21777,7034,1931
3.992,21777,7034,1931
4.004,21777,7034,1931
4.016,20973,7034,1931
4.028,20973,7034,1931
4.040,20973,7034,1931
4.052,20973,7034,1931
4.064,20973,7034,1931
4.076,20284,6733,1765
4.088,20284,6733,1765
4.100,20284,6733,1765
4.112,20284,6733,1765
4.124,20284,6733,1765
4.136,19516,6733,1765
4.148,19516,6733,1765
4.160,19516,6733,1765
4.172,19516,6533,1597
4.184,18842,6533,1597
4.196,18842,6533,1597
4.209,18842,6533,1597
4.221,18842,6533,1597
4.233,18842,6533,1597
4.245,18160,6533,1597
4.257,18160,6533,1597
4.269,18160,6533,1597
4.281,18160,6258,1444
4.293,18160,6258,1444
4.305,17453,6258,1444
4.317,17453,6258,1444
4.329,17453,6258,1444
4.341,17453,6258,1444
4.353,16744,6258,1444
4.365,16744,6258,1444
4.377,16744,6258,1444
4.389,16744,6099,1279
4.401,16744,6099,1279
4.414,16181,6099,1279
4.426,16181,6099,1279
4.438,16181,6099,1279
4.450,16181,6099,1279
4.462,16181,6099,1279
4.474,15592,6099,1279
4.486,15592,5812,1178
4.498,15592,5812,1178
4.510,15592,5812,1178
4.522,15032,5812,1178
4.534,15032,5812,1178
4.546,15032,5812,1178
4.558,15032,5812,1178
4.570,15032,5812,1178
4.582,14466,5812,1178
4.594,14466,5489,1104
4.606,14466,5489,1104
4.618,14466,5489,1104
4.631,13921,5489,1104
4.643,13921,5489,1104
4.655,13921,5489,1104
4.667,13921,5489,1104
4.679,13921,5489,1104
4.691,13382,5489,1104
4.703,13382,5125,1030
4.715,13382,5125,1030
4.727,13382,5125,1030
4.739,13382,5125,1030
4.751,12916,5125,1030
4.763,12916,5125,1030
4.775,12916,5125,1030
4.787,12916,5125,1030
4.799,12400,4766,959
4.811,12400,4766,959
4.823,12400,4766,959
4.835,12400,4766,959
4.848,12400,4766,959
4.860,11859,4766,959
4.872,11859,4766,959
4.884,11859,4766,959
4.896,11859,4766,959
4.908,11859,4429,893
4.920,11443,4429,893
4.932,11443,4429,893
4.944,11443,4429,893
4.956,11443,4429,893
4.968,10978,4429,893
4.980,10978,4429,893
4.992,10978,4429,893
5.004,10978,4429,893
5.016,10978,4103,829
5.028,10539,4103,829
5.040,10539,4103,829
5.052,10539,4103,829
5.065,10539,4103,829
5.077,10112,4103,829
5.089,10112,4103,829
5.101,10112,4103,829
5.113,10112,3809,771
5.125,10112,3809,771
5.137,9672,3809,771
5.149,9672,3809,771
5.161,9672,3809,771
5.173,9672,3809,771
5.185,9672,3809,771
5.197,9327,3809,771
5.209,9327,3809,771
5.221,9327,3536,717
5.233,9327,3536,717
5.245,8961,3536,717
5.257,8961,3536,717
5.269,8961,3536,717
5.282,8961,3536,717
5.294,8961,3536,717
5.306,8657,3536,717
5.318,8657,3306,672
5.330,8657,3306,672
5.342,8657,3306,672
5.354,8657,3306,672
5.366,8314,3306,672
5.378,8314,3306,672
5.390,8314,3306,672
5.402,8314,3306,672
5.414,7906,3306,672
5.426,7906,3047,621
5.438,7906,3047,621
5.450,7906,3047,621
5.462,7906,3047,621
5.474,7587,3047,621
5.487,7587,3047,621
5.499,7587,3047,621
5.511,7587,3047,621
5.523,7267,3047,621
5.535,7267,2826,577
5.547,7267,2826,577
5.559,7267,2826,577
5.571,7267,2826,577
5.583,6971,2826,577
5.595,6971,2826,577
5.607,6971,2826,577
5.619,6971,2826,577
5.631,6971,2615,535
5.643,6688,2615,535
5.655,6688,2615,535
5.667,6688,2615,535
5.679,6688,2615,535
5.691,6419,2615,535
5.704,6419,2615,535
5.716,6419,2615,535
5.728,6419,2615,535
5.740,6419,2429,499
5.752,6155,2429,499
5.764,6155,2429,499
5.776,6155,2429,499
5.788,6155,2429,499
5.800,6155,2429,499
5.812,5901,2429,499
5.824,5901,2429,499
5.836,5901,2429,499
5.848,5901,2251,464
5.860,5697,2251,464
5.872,5697,2251,464
5.884,5697,2251,464
5.896,5697,2251,464
5.908,5697,2251,464
5.921,5434,2251,464
5.933,5434,2251,464
5.945,5434,2095,433
5.957,5434,2095,433
5.969,5227,2095,433
5.981,5227,2095,433
5.993,5227,2095,433
6.005,5227,2095,433
6.017,5227,2095,433
6.029,4939,2095,433
6.041,4939,2095,433
6.053,4939,1909,394
6.065,4939,1909,394
6.077,4939,1909,394
6.089,4653,1909,394
6.101,4653,1909,394
6.113,4653,1909,394
6.125,4653,1909,394
6.138,4385,1909,394
6.150,4385,1909,394
6.162,4385,1702,350
6.174,4385,1702,350
6.186,4385,1702,350
6.198,4174,1702,350
6.210,4174,1702,350
6.222,4174,1702,350
6.234,4174,1702,350
6.246,4174,1702,350
6.258,3945,1530,313
6.270,3945,1530,313
6.282,3945,1530,313
6.294,3945,1530,313
6.306,3736,1530,313
6.318,3736,1530,313
6.330,3736,1530,313
6.343,3736,1530,313
6.355,3736,1530,313
6.367,3557,1379,281
6.379,3557,1379,281
6.391,3557,1379,281
6.403,3557,1379,281
6.415,3375,1379,281
6.427,3375,1379,281
6.439,3375,1379,281
6.451,3375,1379,281
6.463,3375,1379,281
6.475,3214,1247,252
6.487,3214,1247,252
6.499,3214,1247,252
6.511,3214,1247,252
6.523,3214,1247,252
6.535,3068,1247,252
6.547,3068,1247,252
6.560,3068,1247,252
6.572,3068,1134,227
6.584,2910,1134,227
6.596,2910,1134,227
6.608,2910,1134,227
6.620,2910,1134,227
6.632,2910,1134,227
6.644,2792,1134,227
6.656,2792,1134,227
6.668,2792,1134,227
6.680,2792,1032,205
6.692,2792,1032,205
6.704,2625,1032,205
6.716,2625,1032,205
6.728,2625,1032,205
6.740,2625,1032,205
6.752,2334,1032,205
6.764,2334,1032,205
6.777,2334,1032,205
6.789,2334,868,172
6.801,2334,868,172
6.813,2096,868,172
6.825,2096,868,172
6.837,2096,868,172
6.849,2096,868,172
6.861,1862,868,172
6.873,1862,868,172
6.885,1862,697,138
6.897,1862,697,138
6.909,1862,697,138
6.921,1621,697,138
6.933,1621,697,138
6.945,1621,697,138
6.957,1621,697,138
6.969,1621,697,138
6.981,1422,697,138
6.994,1422,542,108
7.006,1422,542,108
7.018,1422,542,108
7.030,1225,542,108
7.042,1225,542,108
7.054,1225,542,108
7.066,1225,542,108
7.078,1225,542,108
7.090,1048,542,108
7.102,1048,408,81
7.114,1048,408,81
7.126,1048,408,81
7.138,873,408,81
7.150,873,408,81
7.162,873,408,81
7.174,873,408,81
7.186,873,408,81
7.198,727,293,58
7.211,727,293,58
7.223,727,293,58
7.235,727,293,58
7.247,727,293,58
7.259,594,293,58
7.271,594,293,58
7.283,594,293,58
7.295,594,293,58
7.307,462,195,37
7.319,462,195,37
7.331,462,195,37
7.343,462,195,37
7.355,462,195,37
7.367,371,195,37
7.379,371,195,37
7.391,371,195,37
7.403,371,195,37
7.415,279,122,23
7.428,279,122,23
7.440,279,122,23
7.452,279,122,23
7.464,279,122,23
7.476,211,122,23
7.488,211,122,23
7.500,211,122,23
7.512,211,70,13
7.524,211,70,13
7.536,145,70,13
7.548,145,70,13
7.560,145,70,13
7.572,145,70,13
7.584,65,70,13
7.596,65,70,13
7.608,65,70,13
7.620,65,26,5
7.632,65,26,5
7.645,37,26,5
7.657,37,26,5
7.669,37,26,5
7.681,37,26,5
7.693,8,26,5
7.705,8,26,5
7.717,8,7,1
7.729,8,7,1
7.741,8,7,1
7.753,6,7,1
7.765,6,7,1
7.777,6,7,1
7.789,6,7,1
7.801,6,7,1
7.813,6,7,1
7.825,6,4,1
7.837,6,4,1
7.850,6,4,1
7.862,6,4,1
7.874,6,4,1
7.886,6,4,1
7.898,6,4,1
7.910,6,4,1
7.922,6,4,1
7.934,6,4,1
7.946,6,4,1
7.958,6,4,1
7.970,6,4,1
7.982,6,4,1
7.994,6,4,1
8.006,6,4,1
8.018,6,4,1
8.030,6,4,1
8.042,6,4,1
8.054,6,4,1
8.067,6,4,1
8.079,6,4,1
8.091,6,4,1
8.103,6,4,1
8.115,6,4,1
8.127,6,4,1
8.139,6,4,1
8.151,6,4,1
8.163,6,4,1
8.175,6,4,1
8.187,6,4,1
8.199,6,4,1
8.211,6,4,1
8.223,6,4,1
8.235,6,4,1
8.247,6,4,1
8.259,6,4,1
8.271,6,4,1
8.284,6,4,1
8.296,6,4,1
8.308,6,4,1
8.320,6,4,1
8.332,6,4,1
8.344,6,4,1
8.356,6,4,1
8.368,6,4,1
8.380,6,4,1
8.392,6,4,1
8.404,6,4,1
8.416,6,4,1
8.428,6,4,1
8.440,6,4,1
8.452,6,4,1
8.464,6,4,1
8.476,6,4,1
8.488,6,4,1
8.501,6,4,1
8.513,6,4,1
8.525,6,4,1
8.537,6,4,1
8.549,6,4,1
8.561,6,4,1
8.573,6,4,1
8.585,6,4,1
8.597,6,4,1
8.609,6,4,1
8.621,6,4,1
8.633,6,4,1
8.645,6,4,1
8.657,6,4,1
8.669,6,4,1
8.681,6,4,1
8.693,6,4,1
8.705,6,4,1
8.718,6,4,1
8.730,6,4,1
8.742,6,4,1
8.754,6,4,1
8.766,6,4,1
8.778,6,4,1
8.790,6,4,1
8.802,6,4,1
8.814,6,4,1
8.826,6,4,1
8.838,6,4,1
8.850,6,4,1
8.862,6,4,1
8.874,6,4,1
8.886,6,4,1
8.898,6,4,1
8.910,6,4,1
8.922,6,4,1
8.935,6,4,1
8.947,6,4,1
8.959,6,4,1
8.971,6,4,1
8.983,6,4,1
8.995,6,4,1
9.007,6,4,1
9.019,6,4,1
9.031,6,4,1
9.043,6,4,1
9.055,6,4,1
9.067,6,4,1
9.079,6,4,1
9.091,6,4,1
9.103,6,4,1
9.115,6,4,1
9.127,6,4,1
9.140,6,4,1
9.152,6,4,1
9.164,6,4,1
9.176,6,4,1
9.188,6,4,1
9.200,6,4,1
9.212,6,4,1
9.224,6,4,1
9.236,6,4,1
9.248,6,4,1
9.260,6,4,1
9.272,6,4,1
9.284,6,4,1
9.296,6,4,1
9.308,6,4,1
9.320,6,4,1
9.332,6,4,1
9.344,6,4,1
9.357,6,4,1
9.369,6,4,1
9.381,6,4,1
9.393,6,4,1
9.405,6,4,1
9.417,6,4,1
9.429,6,4,1
9.441,6,4,1
9.453,6,4,1
9.465,6,4,1
9.477,6,4,1
9.489,6,4,1
9.501,6,4,1
9.513,6,4,1
9.525,6,4,1
9.537,6,4,1
9.549,6,4,1
9.561,6,4,1
9.574,6,4,1
9.586,6,4,1
9.598,6,4,1
9.610,6,4,1
9.622,6,4,1
9.634,6,4,1
9.646,6,4,1
9.658,6,4,1
9.670,6,4,1
9.682,6,4,1
9.694,6,4,1
9.706,6,4,1
9.718,6,4,1
9.730,6,4,1
9.742,6,4,1
9.754,6,4,1
9.766,6,4,1
9.778,6,4,1
9.791,6,4,1
9.803,6,4,1
9.815,6,4,1
9.827,6,4,1
9.839,6,4,1
9.851,6,4,1
9.863,6,4,1
9.875,6,4,1
9.887,6,4,1
9.899,6,4,1
9.911,6,4,1
9.923,6,4,1
9.935,6,4,1
9.947,6,4,1
9.959,6,4,1
9.971,6,4,1
9.983,6,4,1
9.995,6,4,1
10.008,6,4,1
10.020,6,4,1
10.032,6,4,1
10.044,6,4,1
10.056,6,4,1
10.068,6,4,1
10.080,6,4,1
10.092,6,4,1
10.104,6,4,1
10.116,6,4,1
10.128,6,4,1
10.140,6,4,1
10.152,6,4,1
10.164,6,4,1
10.176,6,4,1
10.188,6,4,1
10.200,6,4,1
10.212,6,4,1
10.225,6,4,1
10.237,6,4,1
10.249,6,4,1
10.261,6,4,1
10.273,6,4,1
10.285,6,4,1
10.297,6,4,1
10.309,6,4,1
10.321,6,4,1
10.333,6,4,1
10.345,6,4,1
10.357,6,4,1
10.369,6,4,1
10.381,6,4,1
10.393,6,4,1
10.405,6,4,1
10.417,6,4,1
10.429,6,4,1
10.442,6,4,1
10.454,6,4,1
10.466,6,4,1
10.478,6,4,1
10.490,6,4,1
10.502,6,4,1
10.514,6,4,1
10.526,6,4,1
10.538,6,4,1
10.550,6,4,1
10.562,6,4,1
10.574,6,4,1
10.586,6,4,1
10.598,6,4,1
10.610,6,4,1
10.622,6,4,1
10.634,6,4,1
10.647,6,4,1
10.659,6,4,1
10.671,6,4,1
10.683,6,4,1
10.695,6,4,1
10.707,6,4,1
10.719,6,4,1
10.731,6,4,1
10.743,6,4,1
10.755,6,4,1
10.767,6,4,1
10.779,6,4,1
10.791,6,4,1
10.803,6,4,1
10.815,6,4,1
10.827,6,4,1
10.839,6,4,1
10.851,6,4,1
10.864,6,4,1
10.876,6,4,1
10.888,6,4,1
10.900,6,4,1
10.912,6,4,1
10.924,6,4,1
10.936,6,4,1
10.948,6,4,1
10.960,6,4,1
10.972,6,4,1
10.984,6,4,1
10.996,6,4,1
11.008,6,4,1
11.020,6,4,1
11.032,6,4,1
11.044,6,4,1
11.056,6,4,1
11.068,6,4,1
11.081,6,4,1
11.093,6,4,1
11.105,6,4,1
11.117,6,4,1
11.129,6,4,1
11.141,6,4,1
11.153,6,4,1
11.165,6,4,1
11.177,6,4,1
11.189,6,4,1
11.201,6,4,1
11.213,6,4,1
11.225,6,4,1
11.237,6,4,1
11.249,6,4,1
11.261,6,4,1
11.273,6,4,1
11.285,5,4,1
11.298,5,4,1
11.310,5,4,1
11.322,5,4,1
11.334,5,4,1
11.346,6,4,1
11.358,6,4,1
11.370,6,4,1
