# device,moes_bench,seconds,8.0,from,254,to,1,t_pub,1789594299.958,t_readback,1789594300.322,readback_level,226,sensors,BH1750 hres MTreg=31 (~54 ms)  TSL2591 id=0x50 gain=1x atime=100 ms
t_rel_pub,bh,c0,c1
-2.000,49812,18668,3657
-1.988,49682,18668,3657
-1.976,49682,18668,3657
-1.964,49682,18668,3657
-1.952,49682,18654,3654
-1.940,49682,18654,3654
-1.928,49716,18654,3654
-1.916,49716,18654,3654
-1.904,49716,18654,3654
-1.892,49716,18654,3654
-1.880,49716,18654,3654
-1.868,49763,18654,3654
-1.856,49763,18654,3654
-1.843,49763,18658,3654
-1.831,49763,18658,3654
-1.819,49687,18658,3654
-1.807,49687,18658,3654
-1.795,49687,18658,3654
-1.783,49687,18658,3654
-1.771,49687,18658,3654
-1.759,49664,18658,3654
-1.747,49664,18658,3654
-1.735,49664,18641,3651
-1.723,49664,18641,3651
-1.711,49664,18641,3651
-1.699,49696,18641,3651
-1.687,49696,18641,3651
-1.675,49696,18641,3651
-1.663,49696,18641,3651
-1.651,49740,18641,3651
-1.639,49740,18659,3655
-1.627,49740,18659,3655
-1.614,49740,18659,3655
-1.602,49740,18659,3655
-1.590,49644,18659,3655
-1.578,49644,18659,3655
-1.566,49644,18659,3655
-1.554,49644,18659,3655
-1.542,49738,18659,3655
-1.530,49738,18634,3650
-1.518,49738,18634,3650
-1.506,49738,18634,3650
-1.494,49738,18634,3650
-1.482,49719,18634,3650
-1.470,49719,18634,3650
-1.458,49719,18634,3650
-1.446,49719,18634,3650
-1.434,49719,18634,3650
-1.422,49632,18658,3654
-1.410,49632,18658,3654
-1.397,49632,18658,3654
-1.385,49632,18658,3654
-1.373,49649,18658,3654
-1.361,49649,18658,3654
-1.349,49649,18658,3654
-1.337,49649,18658,3654
-1.325,49649,18629,3649
-1.313,49741,18629,3649
-1.301,49741,18629,3649
-1.289,49741,18629,3649
-1.277,49741,18629,3649
-1.265,49741,18629,3649
-1.253,49578,18629,3649
-1.241,49578,18629,3649
-1.229,49578,18629,3649
-1.217,49578,18649,3653
-1.205,49645,18649,3653
-1.193,49645,18649,3653
-1.181,49645,18649,3653
-1.168,49645,18649,3653
-1.156,49645,18649,3653
-1.144,49751,18649,3653
-1.132,49751,18649,3653
-1.120,49751,18649,3653
-1.108,49751,18620,3647
-1.096,49633,18620,3647
-1.084,49633,18620,3647
-1.072,49633,18620,3647
-1.060,49633,18620,3647
-1.048,49633,18620,3647
-1.036,49602,18620,3647
-1.024,49602,18620,3647
-1.012,49602,18635,3650
-1.000,49602,18635,3650
-0.988,49602,18635,3650
-0.976,49675,18635,3650
-0.964,49675,18635,3650
-0.951,49675,18635,3650
-0.939,49675,18635,3650
-0.927,49622,18635,3650
-0.915,49622,18635,3650
-0.903,49622,18613,3646
-0.891,49622,18613,3646
-0.879,49622,18613,3646
-0.867,49538,18613,3646
-0.855,49538,18613,3646
-0.843,49538,18613,3646
-0.831,49538,18613,3646
-0.819,49538,18613,3646
-0.807,49598,18613,3646
-0.795,49598,18616,3647
-0.783,49598,18616,3647
-0.771,49598,18616,3647
-0.759,49615,18616,3647
-0.747,49615,18616,3647
-0.734,49615,18616,3647
-0.722,49615,18616,3647
-0.710,49615,18616,3647
-0.698,49474,18601,3644
-0.686,49474,18601,3644
-0.674,49474,18601,3644
-0.662,49474,18601,3644
-0.650,49474,18601,3644
-0.638,49474,18601,3644
-0.626,49474,18601,3644
-0.614,49474,18601,3644
-0.602,49474,18601,3644
-0.590,49557,18597,3643
-0.578,49557,18597,3643
-0.566,49557,18597,3643
-0.554,49557,18597,3643
-0.542,49557,18597,3643
-0.529,49556,18597,3643
-0.517,49556,18597,3643
-0.505,49556,18597,3643
-0.493,49556,18597,3643
-0.481,49526,18596,3643
-0.469,49526,18596,3643
-0.457,49526,18596,3643
-0.445,49526,18596,3643
-0.433,49526,18596,3643
-0.421,49537,18596,3643
-0.409,49537,18596,3643
-0.397,49537,18596,3643
-0.385,49537,18576,3638
-0.373,49537,18576,3638
-0.361,49585,18576,3638
-0.349,49585,18576,3638
-0.337,49585,18576,3638
-0.325,49585,18576,3638
-0.312,49538,18576,3638
-0.300,49538,18576,3638
-0.288,49538,18576,3638
-0.276,49538,18586,3640
-0.264,49538,18586,3640
-0.252,49515,18586,3640
-0.240,49515,18586,3640
-0.228,49515,18586,3640
-0.216,49515,18586,3640
-0.204,49515,18586,3640
-0.192,49558,18586,3640
-0.180,49558,18586,3640
-0.168,49558,18565,3636
-0.156,49558,18565,3636
-0.144,49538,18565,3636
-0.132,49538,18565,3636
-0.120,49538,18565,3636
-0.108,49538,18565,3636
-0.095,49538,18565,3636
-0.083,49461,18565,3636
-0.071,49461,18585,3641
-0.059,49461,18585,3641
-0.047,49461,18585,3641
-0.035,49461,18585,3641
-0.023,49434,18585,3641
-0.011,49434,18585,3641
0.001,49434,18585,3641
0.013,49434,18585,3641
0.025,49559,18585,3641
0.037,49559,18550,3633
0.049,49559,18550,3633
0.061,49559,18550,3633
0.073,49559,18550,3633
0.085,49337,18550,3633
0.097,49337,18550,3633
0.109,49337,18550,3633
0.122,49337,18550,3633
0.134,49337,18550,3633
0.146,49231,18509,3625
0.158,49231,18509,3625
0.170,49231,18509,3625
0.182,49231,18509,3625
0.194,49271,18509,3625
0.206,49271,18509,3625
0.218,49271,18509,3625
0.230,49271,18509,3625
0.242,49271,18410,3606
0.254,49129,18410,3606
0.266,49129,18410,3606
0.278,49129,18410,3606
0.290,49129,18410,3606
0.302,48870,18410,3606
0.314,48870,18410,3606
0.326,48870,18410,3606
0.339,48870,18410,3606
0.351,48870,18364,3597
0.363,48889,18364,3597
0.375,48889,18364,3597
0.387,48889,18364,3597
0.399,48889,18364,3597
0.411,48889,18364,3597
0.423,48786,18364,3597
0.435,48786,18364,3597
0.447,48786,18364,3597
0.459,48786,18259,3577
0.471,48529,18259,3577
0.483,48529,18259,3577
0.495,48529,18259,3577
0.507,48529,18259,3577
0.519,48529,18259,3577
0.531,48508,18259,3577
0.544,48508,18259,3577
0.556,48508,18196,3565
0.568,48508,18196,3565
0.580,48508,18196,3565
0.592,48322,18196,3565
0.604,48322,18196,3565
0.616,48322,18196,3565
0.628,48322,18196,3565
0.640,48179,18196,3565
0.652,48179,18196,3565
0.664,48179,18098,3547
0.676,48179,18098,3547
0.688,48179,18098,3547
0.700,48098,18098,3547
0.712,48098,18098,3547
0.724,48098,18098,3547
0.736,48098,18098,3547
0.748,48098,18098,3547
0.761,48032,18098,3547
0.773,48032,18021,3532
0.785,48032,18021,3532
0.797,48032,18021,3532
0.809,47908,18021,3532
0.821,47908,18021,3532
0.833,47908,18021,3532
0.845,47908,18021,3532
0.857,47908,18021,3532
0.869,47703,17925,3514
0.881,47703,17925,3514
0.893,47703,17925,3514
0.905,47703,17925,3514
0.917,47607,17925,3514
0.929,47607,17925,3514
0.941,47607,17925,3514
0.953,47607,17925,3514
0.965,47607,17925,3514
0.978,47538,17827,3495
0.990,47538,17827,3495
1.002,47538,17827,3495
1.014,47538,17827,3495
1.026,47538,17827,3495
1.038,47170,17827,3495
1.050,47170,17827,3495
1.062,47170,17827,3495
1.074,47170,17827,3495
1.086,46964,17722,3478
1.098,46964,17722,3478
1.110,46964,17722,3478
1.122,46964,17722,3478
1.134,46964,17722,3478
1.146,46991,17722,3478
1.158,46991,17722,3478
1.170,46991,17722,3478
1.182,46991,17561,3458
1.195,46991,17561,3458
1.207,46756,17561,3458
1.219,46756,17561,3458
1.231,46756,17561,3458
1.243,46756,17561,3458
1.255,46526,17561,3458
1.267,46526,17561,3458
1.279,46526,17561,3458
1.291,46526,17357,3443
1.303,46526,17357,3443
1.315,46491,17357,3443
1.327,46491,17357,3443
1.339,46491,17357,3443
1.351,46491,17357,3443
1.363,46491,17357,3443
1.375,46274,17357,3443
1.387,46274,17357,3443
1.400,46274,17096,3428
1.412,46274,17096,3428
1.424,46082,17096,3428
1.436,46082,17096,3428
1.448,46082,17096,3428
1.460,46082,17096,3428
1.472,46082,17096,3428
1.484,45889,17096,3428
1.496,45889,16817,3430
1.508,45889,16817,3430
1.520,45889,16817,3430
1.532,45889,16817,3430
1.544,45698,16817,3430
1.556,45698,16817,3430
1.568,45698,16817,3430
1.580,45698,16817,3430
1.592,45570,16817,3430
1.604,45570,16503,3436
1.616,45570,16503,3436
1.629,45570,16503,3436
1.641,45570,16503,3436
1.653,45391,16503,3436
1.665,45391,16503,3436
1.677,45391,16503,3436
1.689,45391,16503,3436
1.701,45391,16503,3436
1.713,45245,16188,3461
1.725,45245,16188,3461
1.737,45245,16188,3461
1.749,45245,16188,3461
1.761,45089,16188,3461
1.773,45089,16188,3461
1.785,45089,16188,3461
1.797,45089,16188,3461
1.809,45089,15846,3481
1.821,45037,15846,3481
1.833,45037,15846,3481
1.846,45037,15846,3481
1.858,45037,15846,3481
1.870,44802,15846,3481
1.882,44802,15846,3481
1.894,44802,15846,3481
1.906,44802,15846,3481
1.918,44802,15514,3507
1.930,44576,15514,3507
1.942,44576,15514,3507
1.954,44576,15514,3507
1.966,44576,15514,3507
1.978,44576,15514,3507
1.990,44468,15514,3507
2.002,44468,15514,3507
2.014,44468,15514,3507
2.026,44468,15094,3540
2.038,44162,15094,3540
2.050,44162,15094,3540
2.063,44162,15094,3540
2.075,44162,15094,3540
2.087,44162,15094,3540
2.099,43931,15094,3540
2.111,43931,15094,3540
2.123,43931,14635,3579
2.135,43931,14635,3579
2.147,43931,14635,3579
2.159,43840,14635,3579
2.171,43840,14635,3579
2.183,43840,14635,3579
2.195,43840,14635,3579
2.207,43587,14635,3579
2.219,43587,14635,3579
2.231,43587,14086,3631
2.243,43587,14086,3631
2.255,43587,14086,3631
2.268,43381,14086,3631
2.280,43381,14086,3631
2.292,43381,14086,3631
2.304,43381,14086,3631
2.316,43381,14086,3631
2.328,43202,14086,3631
2.340,43202,13562,3682
2.352,43202,13562,3682
2.364,43202,13562,3682
2.376,42996,13562,3682
2.388,42996,13562,3682
2.400,42996,13562,3682
2.412,42996,13562,3682
2.424,42996,13562,3682
2.436,42489,13562,3682
2.448,42489,13054,3743
2.460,42489,13054,3743
2.472,42489,13054,3743
2.485,42489,13054,3743
2.497,42370,13054,3743
2.509,42370,13054,3743
2.521,42370,13054,3743
2.533,42370,13054,3743
2.545,42176,12564,3809
2.557,42176,12564,3809
2.569,42176,12564,3809
2.581,42176,12564,3809
2.593,42176,12564,3809
2.605,41883,12564,3809
2.617,41883,12564,3809
2.629,41883,12564,3809
2.641,41883,12564,3809
2.653,41891,12078,3888
2.665,41891,12078,3888
2.677,41891,12078,3888
2.689,41891,12078,3888
2.702,41891,12078,3888
2.714,41712,12078,3888
2.726,41712,12078,3888
2.738,41712,12078,3888
2.750,41712,12078,3888
2.762,41712,11612,3965
2.774,41436,11612,3965
2.786,41436,11612,3965
2.798,41436,11612,3965
2.810,41436,11612,3965
2.822,40760,11612,3965
2.834,40760,11612,3965
2.846,40760,11612,3965
2.858,40760,11155,3926
2.870,40760,11155,3926
2.882,39872,11155,3926
2.894,39872,11155,3926
2.906,39872,11155,3926
2.919,39872,11155,3926
2.931,39872,11155,3926
2.943,38722,11155,3926
2.955,38722,11155,3926
2.967,38722,10684,3754
2.979,38722,10684,3754
2.991,37698,10684,3754
3.003,37698,10684,3754
3.015,37698,10684,3754
3.027,37698,10684,3754
3.039,37698,10684,3754
3.051,36802,10684,3754
3.063,36802,10684,3754
3.075,36802,10244,3572
3.087,36802,10244,3572
3.099,36802,10244,3572
3.111,35778,10244,3572
3.123,35778,10244,3572
3.136,35778,10244,3572
3.148,35778,10244,3572
3.160,34882,10244,3572
3.172,34882,9822,3393
3.184,34882,9822,3393
3.196,34882,9822,3393
3.208,34882,9822,3393
3.220,33983,9822,3393
3.232,33983,9822,3393
3.244,33983,9822,3393
3.256,33983,9822,3393
3.268,33983,9822,3393
3.280,32910,9406,3227
3.292,32910,9406,3227
3.304,32910,9406,3227
3.316,32910,9406,3227
3.328,32112,9406,3227
3.340,32112,9406,3227
3.353,32112,9406,3227
3.365,32112,9406,3227
3.377,32112,9406,3227
3.389,31432,9019,3064
3.401,31432,9019,3064
3.413,31432,9019,3064
3.425,31432,9019,3064
3.437,30348,9019,3064
3.449,30348,9019,3064
3.461,30348,9019,3064
3.473,30348,9019,3064
3.485,30348,8657,2881
3.497,29454,8657,2881
3.509,29454,8657,2881
3.521,29454,8657,2881
3.533,29454,8657,2881
3.545,29454,8657,2881
3.557,28465,8657,2881
3.570,28465,8657,2881
3.582,28465,8657,2881
3.594,28465,8299,2689
3.606,27804,8299,2689
3.618,27804,8299,2689
3.630,27804,8299,2689
3.642,27804,8299,2689
3.654,27804,8299,2689
3.666,26830,8299,2689
3.678,26830,8299,2689
3.690,26830,8299,2689
3.702,26830,7946,2496
3.714,26830,7946,2496
3.726,25922,7946,2496
3.738,25922,7946,2496
3.750,25922,7946,2496
3.762,25922,7946,2496
3.774,25090,7946,2496
3.787,25090,7946,2496
3.799,25090,7618,2295
3.811,25090,7618,2295
3.823,25090,7618,2295
3.835,24258,7618,2295
3.847,24258,7618,2295
3.859,24258,7618,2295
3.871,24258,7618,2295
3.883,24258,7618,2295
3.895,23408,7618,2295
3.907,23408,7296,2112
3.919,23408,7296,2112
3.931,23408,7296,2112
3.943,22598,7296,2112
3.955,22598,7296,2112
3.967,22598,7296,2112
3.979,22598,7296,2112
3.992,22598,7296,2112
4.004,21728,7296,2112
4.016,21728,7005,1930
4.028,21728,7005,1930
4.040,21728,7005,1930
4.052,21044,7005,1930
4.064,21044,7005,1930
4.076,21044,7005,1930
4.088,21044,7005,1930
4.100,21044,7005,1930
4.112,20282,6712,1761
4.124,20282,6712,1761
4.136,20282,6712,1761
4.148,20282,6712,1761
4.160,20282,6712,1761
4.172,19587,6712,1761
4.184,19587,6712,1761
4.196,19587,6712,1761
4.209,19587,6712,1761
4.221,18832,6443,1610
4.233,18832,6443,1610
4.245,18832,6443,1610
4.257,18832,6443,1610
4.269,18832,6443,1610
4.281,18284,6443,1610
4.293,18284,6443,1610
4.305,18284,6443,1610
4.317,18284,6443,1610
4.329,18284,6215,1454
4.341,17602,6215,1454
4.353,17602,6215,1454
4.365,17602,6215,1454
4.377,17602,6215,1454
4.389,16943,6215,1454
4.401,16943,6215,1454
4.413,16943,6215,1454
4.426,16943,5965,1316
4.438,16943,5965,1316
4.450,16320,5965,1316
4.462,16320,5965,1316
4.474,16320,5965,1316
4.486,16320,5965,1316
4.498,15754,5965,1316
4.510,15754,5965,1316
4.522,15754,5965,1316
4.534,15754,5738,1192
4.546,15754,5738,1192
4.558,15170,5738,1192
4.570,15170,5738,1192
4.582,15170,5738,1192
4.594,15170,5738,1192
4.606,15170,5738,1192
4.618,14594,5738,1192
4.630,14594,5738,1192
4.643,14594,5449,1104
4.655,14594,5449,1104
4.667,14104,5449,1104
4.679,14104,5449,1104
4.691,14104,5449,1104
4.703,14104,5449,1104
4.715,14104,5449,1104
4.727,13572,5449,1104
4.739,13572,5143,1031
4.751,13572,5143,1031
4.763,13572,5143,1031
4.775,13572,5143,1031
4.787,13102,5143,1031
4.799,13102,5143,1031
4.811,13102,5143,1031
4.823,13102,5143,1031
4.835,12616,5143,1031
4.847,12616,4816,964
4.860,12616,4816,964
4.872,12616,4816,964
4.884,12616,4816,964
4.896,12136,4816,964
4.908,12136,4816,964
4.920,12136,4816,964
4.932,12136,4816,964
4.944,11612,4816,964
4.956,11612,4486,899
4.968,11612,4486,899
4.980,11612,4486,899
4.992,11612,4486,899
5.004,11245,4486,899
5.016,11245,4486,899
5.028,11245,4486,899
5.040,11245,4486,899
5.052,11245,4185,840
5.064,10817,4185,840
5.077,10817,4185,840
5.089,10817,4185,840
5.101,10817,4185,840
5.113,10384,4185,840
5.125,10384,4185,840
5.137,10384,4185,840
5.149,10384,4185,840
5.161,10384,3894,783
5.173,9979,3894,783
5.185,9979,3894,783
5.197,9979,3894,783
5.209,9979,3894,783
5.221,9979,3894,783
5.233,9619,3894,783
5.245,9619,3894,783
5.257,9619,3894,783
5.269,9619,3633,732
5.282,9258,3633,732
5.294,9258,3633,732
5.306,9258,3633,732
5.318,9258,3633,732
5.330,9258,3633,732
5.342,8945,3633,732
5.354,8945,3633,732
5.366,8945,3396,686
5.378,8945,3396,686
5.390,8572,3396,686
5.402,8572,3396,686
5.414,8572,3396,686
5.426,8572,3396,686
5.438,8572,3396,686
5.450,8299,3396,686
5.462,8299,3396,686
5.474,8299,3175,643
5.486,8299,3175,643
5.499,8299,3175,643
5.511,8000,3175,643
5.523,8000,3175,643
5.535,8000,3175,643
5.547,8000,3175,643
5.559,7702,3175,643
5.571,7702,3175,643
5.583,7702,2962,601
5.595,7702,2962,601
5.607,7702,2962,601
5.619,7388,2962,601
5.631,7388,2962,601
5.643,7388,2962,601
5.655,7388,2962,601
5.667,7117,2962,601
5.679,7117,2759,561
5.691,7117,2759,561
5.703,7117,2759,561
5.716,7117,2759,561
5.728,6809,2759,561
5.740,6809,2759,561
5.752,6809,2759,561
5.764,6809,2759,561
5.776,6809,2759,561
5.788,6594,2576,525
5.800,6594,2576,525
5.812,6594,2576,525
5.824,6594,2576,525
5.836,6357,2576,525
5.848,6357,2576,525
5.860,6357,2576,525
5.872,6357,2576,525
5.884,6357,2576,525
5.896,6113,2405,492
5.908,6113,2405,492
5.920,6113,2405,492
5.933,6113,2405,492
5.945,6113,2405,492
5.957,5916,2405,492
5.969,5916,2405,492
5.981,5916,2405,492
5.993,5916,2258,463
6.005,5709,2258,463
6.017,5709,2258,463
6.029,5709,2258,463
6.041,5709,2258,463
6.053,5709,2258,463
6.065,5529,2258,463
6.077,5529,2258,463
6.089,5529,2258,463
6.101,5529,2121,436
6.113,5307,2121,436
6.125,5307,2121,436
6.137,5307,2121,436
6.150,5307,2121,436
6.162,5307,2121,436
6.174,5167,2121,436
6.186,5167,2121,436
6.198,5167,2121,436
6.210,5167,1991,411
6.222,5167,1991,411
6.234,4958,1991,411
6.246,4958,1991,411
6.258,4958,1991,411
6.270,4958,1991,411
6.282,4815,1991,411
6.294,4815,1991,411
6.306,4815,1874,387
6.318,4815,1874,387
6.330,4815,1874,387
6.342,4679,1874,387
6.354,4679,1874,387
6.367,4679,1874,387
6.379,4679,1874,387
6.391,4679,1874,387
6.403,4555,1874,387
6.415,4555,1783,370
6.427,4555,1783,370
6.439,4555,1783,370
6.451,4427,1783,370
6.463,4427,1783,370
6.475,4427,1783,370
6.487,4427,1783,370
6.499,4427,1783,370
6.511,4322,1783,370
6.523,4322,1701,354
6.535,4322,1701,354
6.547,4322,1701,354
6.559,4224,1701,354
6.572,4224,1701,354
6.584,4224,1701,354
6.596,4224,1701,354
6.608,4224,1701,354
6.620,4123,1629,340
6.632,4123,1629,340
6.644,4123,1629,340
6.656,4123,1629,340
6.668,4040,1629,340
6.680,4040,1629,340
6.692,4040,1629,340
6.704,4040,1629,340
6.716,4040,1629,340
6.728,3955,1570,328
6.740,3955,1570,328
6.752,3955,1570,328
6.764,3955,1570,328
6.776,3955,1570,328
6.789,2309,1570,328
6.801,2309,1570,328
6.813,2309,1570,328
6.825,2309,1570,328
6.837,7,514,108
6.849,7,514,108
6.861,7,514,108
6.873,7,514,108
6.885,7,514,108
6.897,24,514,108
6.909,24,514,108
6.921,24,514,108
6.933,24,9,2
6.945,7,9,2
6.957,7,9,2
6.969,7,9,2
6.981,7,9,2
6.993,7,9,2
7.006,24,9,2
7.018,24,9,2
7.030,24,9,2
7.042,24,9,2
7.054,24,9,2
7.066,7,9,2
7.078,7,9,2
7.090,7,9,2
7.102,7,9,2
7.114,23,9,2
7.126,23,9,2
7.138,23,9,2
7.150,23,9,2
7.162,23,9,2
7.174,7,9,2
7.186,7,9,2
7.198,7,9,2
7.210,7,9,2
7.223,7,9,2
7.235,7,9,2
7.247,7,9,2
7.259,7,9,2
7.271,7,9,2
7.283,22,9,2
7.295,22,9,2
7.307,22,9,2
7.319,22,9,2
7.331,22,9,2
7.343,22,9,2
7.355,22,9,2
7.367,22,9,2
7.379,22,9,2
7.391,7,9,2
7.403,7,9,2
7.415,7,9,2
7.427,7,9,2
7.440,7,9,2
7.452,7,9,2
7.464,7,6,1
7.476,7,6,1
7.488,7,6,1
7.500,22,6,1
7.512,22,6,1
7.524,22,6,1
7.536,22,6,1
7.548,22,6,1
7.560,7,9,2
7.572,7,9,2
7.584,7,9,2
7.596,7,9,2
7.608,7,9,2
7.620,22,9,2
7.632,22,9,2
7.644,22,9,2
7.657,22,9,2
7.669,7,9,2
7.681,7,9,2
7.693,7,9,2
7.705,7,9,2
7.717,7,9,2
7.729,22,9,2
7.741,22,9,2
7.753,22,9,2
7.765,22,9,2
7.777,7,9,2
7.789,7,9,2
7.801,7,9,2
7.813,7,9,2
7.825,7,9,2
7.837,6,9,2
7.849,6,9,2
7.861,6,9,2
7.874,6,9,2
7.886,6,9,2
7.898,22,9,2
7.910,22,9,2
7.922,22,9,2
7.934,22,9,2
7.946,7,9,2
7.958,7,9,2
7.970,7,9,2
7.982,7,6,1
7.994,7,6,1
8.006,22,6,1
8.018,22,6,1
8.030,22,6,1
8.042,22,6,1
8.054,7,6,1
8.066,7,6,1
8.078,7,6,1
8.091,7,9,2
8.103,7,9,2
8.115,7,9,2
8.127,7,9,2
8.139,7,9,2
8.151,7,9,2
8.163,7,9,2
8.175,7,9,2
8.187,7,6,1
8.199,7,6,1
8.211,7,6,1
8.223,7,6,1
8.235,7,6,1
8.247,7,6,1
8.259,7,6,1
8.271,7,6,1
8.283,7,6,1
8.296,7,6,1
8.308,7,6,1
8.320,7,6,1
8.332,6,6,1
8.344,6,6,1
8.356,6,6,1
8.368,6,6,1
8.380,6,6,1
8.392,7,6,1
8.404,7,6,1
8.416,7,6,1
8.428,7,6,1
8.440,7,6,1
8.452,7,6,1
8.464,7,6,1
8.476,7,6,1
8.488,7,6,1
8.500,7,6,1
8.513,7,6,1
8.525,7,6,1
8.537,7,6,1
8.549,7,6,1
8.561,7,6,1
8.573,7,6,1
8.585,7,6,1
8.597,7,6,1
8.609,6,6,1
8.621,6,6,1
8.633,6,6,1
8.645,6,6,1
8.657,6,6,1
8.669,7,6,1
8.681,7,6,1
8.693,7,6,1
8.705,7,6,1
8.717,7,6,1
8.730,7,6,1
8.742,7,6,1
8.754,7,6,1
8.766,7,6,1
8.778,7,6,1
8.790,7,6,1
8.802,7,6,1
8.814,7,6,1
8.826,7,6,1
8.838,7,6,1
8.850,7,6,1
8.862,7,6,1
8.874,7,6,1
8.886,7,6,1
8.898,7,6,1
8.910,7,6,1
8.922,7,6,1
8.934,7,6,1
8.947,7,6,1
8.959,7,6,1
8.971,7,6,1
8.983,7,6,1
8.995,7,6,1
9.007,7,6,1
9.019,7,6,1
9.031,7,6,1
9.043,7,6,1
9.055,7,6,1
9.067,7,6,1
9.079,7,6,1
9.091,7,6,1
9.103,7,6,1
9.115,7,6,1
9.127,7,6,1
9.139,7,6,1
9.151,7,6,1
9.164,7,6,1
9.176,7,6,1
9.188,7,6,1
9.200,7,6,1
9.212,7,6,1
9.224,7,6,1
9.236,7,6,1
9.248,7,6,1
9.260,7,6,1
9.272,7,6,1
9.284,7,6,1
9.296,7,6,1
9.308,7,6,1
9.320,7,6,1
9.332,7,6,1
9.344,7,6,1
9.356,7,6,1
9.368,7,6,1
9.381,7,6,1
9.393,7,6,1
9.405,7,6,1
9.417,7,6,1
9.429,7,6,1
9.441,7,6,1
9.453,7,6,1
9.465,7,6,1
9.477,7,6,1
9.489,6,6,1
9.501,6,6,1
9.513,6,6,1
9.525,6,6,1
9.537,6,6,1
9.549,7,6,1
9.561,7,6,1
9.573,7,6,1
9.585,7,6,1
9.598,7,6,1
9.610,7,6,1
9.622,7,6,1
9.634,7,6,1
9.646,7,6,1
9.658,7,6,1
9.670,7,6,1
9.682,7,6,1
9.694,7,6,1
9.706,7,6,1
9.718,7,6,1
9.730,7,6,1
9.742,7,6,1
9.754,7,6,1
9.766,6,6,1
9.778,6,6,1
9.790,6,6,1
9.803,6,6,1
9.815,6,6,1
9.827,7,6,1
9.839,7,6,1
9.851,7,6,1
9.863,7,6,1
9.875,7,6,1
9.887,7,6,1
9.899,7,6,1
9.911,7,6,1
9.923,7,6,1
9.935,7,6,1
9.947,7,6,1
9.959,7,6,1
9.971,7,6,1
9.983,7,6,1
9.995,7,6,1
10.007,7,6,1
10.020,7,6,1
10.032,7,6,1
10.044,7,6,1
10.056,7,6,1
10.068,7,6,1
10.080,7,6,1
10.092,7,6,1
10.104,7,6,1
10.116,7,6,1
10.128,7,6,1
10.140,7,6,1
10.152,7,6,1
10.164,7,6,1
10.176,7,6,1
10.188,7,6,1
10.200,7,6,1
10.212,7,6,1
10.224,7,6,1
10.237,7,6,1
10.249,7,6,1
10.261,6,6,1
10.273,6,6,1
10.285,6,6,1
10.297,6,6,1
10.309,6,6,1
10.321,7,6,1
10.333,7,6,1
10.345,7,6,1
10.357,7,6,1
10.369,7,6,1
10.381,6,6,1
10.393,6,6,1
10.405,6,6,1
10.417,6,6,1
10.429,7,6,1
10.441,7,6,1
10.454,7,6,1
10.466,7,6,1
10.478,7,6,1
10.490,7,6,1
10.502,7,6,1
10.514,7,6,1
10.526,7,6,1
10.538,6,6,1
10.550,6,6,1
10.562,6,6,1
10.574,6,6,1
10.586,6,6,1
10.598,7,6,1
10.610,7,6,1
10.622,7,6,1
10.634,7,6,1
10.646,7,6,1
10.658,7,6,1
10.671,7,6,1
10.683,7,6,1
10.695,7,6,1
10.707,7,6,1
10.719,7,6,1
10.731,7,6,1
10.743,7,6,1
10.755,7,6,1
10.767,6,6,1
10.779,6,6,1
10.791,6,6,1
10.803,6,6,1
10.815,7,6,1
10.827,7,6,1
10.839,7,6,1
10.851,7,6,1
10.863,7,6,1
10.876,7,6,1
10.888,7,6,1
10.900,7,6,1
10.912,7,6,1
10.924,7,6,1
10.936,7,6,1
10.948,7,6,1
10.960,7,6,1
10.972,7,6,1
10.984,7,6,1
10.996,7,6,1
11.008,7,6,1
11.020,7,6,1
11.032,7,6,1
11.044,7,6,1
11.056,7,6,1
11.068,7,6,1
11.080,7,6,1
11.093,7,6,1
11.105,7,6,1
11.117,7,6,1
11.129,7,6,1
11.141,7,6,1
11.153,7,6,1
11.165,7,6,1
11.177,7,6,1
11.189,7,6,1
11.201,6,6,1
11.213,6,6,1
11.225,6,6,1
11.237,6,6,1
11.249,6,6,1
11.261,7,6,1
11.273,7,6,1
11.285,7,6,1
11.297,7,6,1
11.310,7,6,1
11.322,7,6,1
11.334,7,6,1
11.346,7,6,1
11.358,7,6,1
11.370,6,6,1
