level,b36_C,b36_W,b36_sum,b40_C,b40_W,b40_sum
1,94,0,94,156,130,286
2,94,0,94,192,140,332
3,236,0,236,228,150,378
4,236,0,236,264,161,425
5,236,94,330,301,171,472
6,236,94,330,337,181,518
7,330,94,424,373,192,565
8,330,94,424,409,202,611
9,472,94,566,446,212,658
10,472,94,566,482,223,705
11,472,94,566,518,233,751
12,472,94,566,554,243,797
13,566,94,660,591,254,845
14,566,236,802,627,264,891
15,566,236,802,663,275,938
16,708,236,944,700,285,985
17,708,236,944,736,295,1031
18,708,236,944,772,305,1077
19,708,236,944,808,316,1124
20,803,236,1039,844,326,1170
21,803,236,1039,881,336,1217
22,803,236,1039,917,347,1264
23,803,236,1039,953,357,1310
24,944,236,1180,989,368,1357
25,944,236,1180,1026,378,1404
26,1039,236,1275,1062,388,1450
27,1039,236,1275,1098,398,1496
28,1039,330,1369,1135,409,1544
29,1039,330,1369,1171,419,1590
30,1181,330,1511,1207,429,1636
31,1181,330,1511,1243,440,1683
32,1181,330,1511,1280,450,1730
33,1322,330,1652,1316,461,1777
34,1322,330,1652,1352,471,1823
35,1322,330,1652,1388,481,1869
36,1417,330,1747,1425,492,1917
37,1417,472,1889,1461,502,1963
38,1417,472,1889,1497,512,2009
39,1559,472,2031,1533,522,2055
40,1559,472,2031,1570,533,2103
41,1559,472,2031,1606,543,2149
42,1559,472,2031,1642,553,2195
43,1653,472,2125,1678,564,2242
44,1653,472,2125,1715,574,2289
45,1653,472,2125,1751,585,2336
46,1653,472,2125,1787,595,2382
47,1795,472,2267,1823,605,2428
48,1795,472,2267,1860,615,2475
49,1889,472,2361,1896,626,2522
50,1889,566,2455,1932,636,2568
51,1889,566,2455,1968,647,2615
52,1889,566,2455,2005,657,2662
53,2031,566,2597,2041,667,2708
54,2031,566,2597,2077,678,2755
55,2031,566,2597,2113,688,2801
56,2125,566,2691,2150,698,2848
57,2125,566,2691,2186,709,2895
58,2125,566,2691,2222,719,2941
59,2125,708,2833,2258,729,2987
60,2267,708,2975,2295,740,3035
61,2267,708,2975,2331,750,3081
62,2409,708,3117,2367,760,3127
63,2409,708,3117,2403,771,3174
64,2409,708,3117,2440,781,3221
65,2409,708,3117,2476,791,3267
66,2503,708,3211,2512,802,3314
67,2503,708,3211,2548,812,3360
68,2503,708,3211,2585,822,3407
69,2503,708,3211,2621,833,3454
70,2645,708,3353,2657,843,3500
71,2645,708,3353,2693,853,3546
72,2740,708,3448,2729,864,3593
73,2740,803,3543,2766,874,3640
74,2740,803,3543,2802,884,3686
75,2740,803,3543,2838,895,3733
76,2881,803,3684,2875,905,3780
77,2881,803,3684,2911,915,3826
78,2881,803,3684,2947,926,3873
79,2976,803,3779,2983,936,3919
80,2976,803,3779,3020,946,3966
81,2976,803,3779,3056,957,4013
82,2976,803,3779,3092,967,4059
83,3118,803,3921,3128,977,4105
84,3118,803,3921,3165,988,4153
85,3212,803,4015,3201,998,4199
86,3212,944,4156,3237,1008,4245
87,3212,944,4156,3273,1019,4292
88,3212,944,4156,3309,1029,4338
89,3354,944,4298,3346,1039,4385
90,3354,944,4298,3382,1050,4432
91,3354,944,4298,3418,1060,4478
92,3354,944,4298,3454,1070,4524
93,3448,944,4392,3491,1081,4572
94,3448,944,4392,3527,1091,4618
95,3448,1039,4487,3563,1101,4664
96,3590,1039,4629,3600,1112,4712
97,3590,1039,4629,3636,1122,4758
98,3590,1039,4629,3672,1133,4805
99,3732,1039,4771,3708,1143,4851
100,3732,1039,4771,3745,1153,4898
101,3732,1039,4771,3781,1163,4944
102,3826,1039,4865,3817,1174,4991
103,3826,1039,4865,3853,1184,5037
104,3826,1039,4865,3890,1194,5084
105,3826,1039,4865,3926,1205,5131
106,3968,1039,5007,3962,1215,5177
107,3968,1039,5007,3998,1226,5224
108,4062,1039,5101,4034,1236,5270
109,4062,1181,5243,4071,1246,5317
110,4062,1181,5243,4107,1256,5363
111,4062,1181,5243,4143,1267,5410
112,4204,1181,5385,4179,1277,5456
113,4204,1181,5385,4216,1288,5504
114,4204,1181,5385,4252,1298,5550
115,4204,1181,5385,4288,1308,5596
116,4299,1181,5480,4325,1318,5643
117,4299,1181,5480,4361,1329,5690
118,4299,1322,5621,4397,1339,5736
119,4440,1322,5762,4433,1350,5783
120,4440,1322,5762,4470,1360,5830
121,4440,1322,5762,4506,1370,5876
122,4440,1322,5762,4542,1381,5923
123,4535,1322,5857,4578,1391,5969
124,4535,1322,5857,4614,1401,6015
125,4677,1322,5999,4651,1411,6062
126,4677,1322,5999,4687,1422,6109
127,4677,1322,5999,4723,1432,6155
128,4677,1322,5999,4759,1443,6202
129,4818,1322,6140,4796,1453,6249
130,4818,1322,6140,4832,1463,6295
131,4818,1417,6235,4868,1474,6342
132,4818,1417,6235,4904,1484,6388
133,4913,1417,6330,4941,1494,6435
134,4913,1417,6330,4977,1505,6482
135,5055,1417,6472,5013,1515,6528
136,5055,1417,6472,5050,1525,6575
137,5055,1417,6472,5086,1536,6622
138,5055,1417,6472,5122,1546,6668
139,5149,1417,6566,5158,1556,6714
140,5149,1559,6708,5195,1567,6762
141,5149,1559,6708,5231,1577,6808
142,5291,1559,6850,5267,1587,6854
143,5291,1559,6850,5303,1598,6901
144,5291,1559,6850,5339,1608,6947
145,5291,1559,6850,5376,1618,6994
146,5385,1559,6944,5412,1629,7041
147,5385,1559,6944,5448,1639,7087
148,5527,1559,7086,5484,1649,7133
149,5527,1559,7086,5521,1660,7181
150,5527,1559,7086,5557,1670,7227
151,5527,1559,7086,5593,1680,7273
152,5622,1559,7181,5630,1691,7321
153,5622,1559,7181,5666,1701,7367
154,5622,1653,7275,5702,1711,7413
155,5622,1653,7275,5738,1722,7460
156,5763,1653,7416,5775,1732,7507
157,5763,1653,7416,5811,1742,7553
158,5763,1653,7416,5847,1753,7600
159,5858,1653,7511,5883,1763,7646
160,5858,1653,7511,5920,1773,7693
161,5858,1653,7511,5956,1784,7740
162,6000,1653,7653,5992,1794,7786
163,6000,1653,7653,6028,1804,7832
164,6000,1653,7653,6065,1815,7880
165,6141,1653,7794,6101,1825,7926
166,6141,1653,7794,6137,1835,7972
167,6141,1795,7936,6173,1846,8019
168,6141,1795,7936,6210,1856,8066
169,6236,1795,8031,6246,1866,8112
170,6236,1795,8031,6282,1877,8159
171,6377,1795,8172,6318,1887,8205
172,6377,1795,8172,6355,1897,8252
173,6377,1795,8172,6391,1908,8299
174,6377,1795,8172,6427,1918,8345
175,6472,1795,8267,6463,1929,8392
176,6472,1889,8361,6500,1939,8439
177,6472,1889,8361,6536,1949,8485
178,6472,1889,8361,6572,1959,8531
179,6614,1889,8503,6608,1970,8578
180,6614,1889,8503,6645,1980,8625
181,6614,1889,8503,6681,1990,8671
182,6708,1889,8597,6717,2001,8718
183,6708,1889,8597,6753,2011,8764
184,6708,1889,8597,6790,2022,8812
185,6708,1889,8597,6826,2032,8858
186,6850,1889,8739,6862,2042,8904
187,6850,1889,8739,6898,2052,8950
188,6944,1889,8833,6935,2063,8998
189,6944,1889,8833,6971,2073,9044
190,6944,2031,8975,7007,2084,9091
191,6944,2031,8975,7043,2094,9137
192,7086,2031,9117,7080,2104,9184
193,7086,2031,9117,7116,2115,9231
194,7086,2031,9117,7152,2125,9277
195,7228,2031,9259,7188,2135,9323
196,7228,2031,9259,7225,2146,9371
197,7228,2031,9259,7261,2156,9417
198,7322,2031,9353,7297,2166,9463
199,7322,2125,9447,7333,2177,9510
200,7322,2125,9447,7370,2187,9557
201,7322,2125,9447,7406,2197,9603
202,7464,2125,9589,7442,2208,9650
203,7464,2125,9589,7478,2218,9696
204,7464,2125,9589,7515,2228,9743
205,7559,2125,9684,7551,2239,9790
206,7559,2125,9684,7587,2249,9836
207,7559,2125,9684,7623,2259,9882
208,7559,2125,9684,7660,2270,9930
209,7700,2125,9825,7696,2280,9976
210,7700,2125,9825,7732,2290,10022
211,7795,2125,9920,7768,2301,10069
212,7795,2267,10062,7804,2311,10115
213,7795,2267,10062,7841,2321,10162
214,7795,2267,10062,7877,2332,10209
215,7937,2267,10204,7913,2342,10255
216,7937,2267,10204,7950,2352,10302
217,7937,2267,10204,7986,2363,10349
218,8031,2267,10298,8022,2373,10395
219,8031,2267,10298,8058,2383,10441
220,8031,2267,10298,8095,2394,10489
221,8031,2409,10440,8131,2404,10535
222,8173,2409,10582,8167,2414,10581
223,8173,2409,10582,8203,2425,10628
224,8173,2409,10582,8240,2435,10675
225,8267,2409,10676,8276,2445,10721
226,8267,2409,10676,8312,2456,10768
227,8267,2409,10676,8348,2466,10814
228,8409,2409,10818,8385,2476,10861
229,8409,2409,10818,8421,2487,10908
230,8409,2409,10818,8457,2497,10954
231,8409,2409,10818,8493,2507,11000
232,8551,2409,10960,8529,2518,11047
233,8551,2409,10960,8566,2528,11094
234,8645,2409,11054,8602,2538,11140
235,8645,2503,11148,8638,2549,11187
236,8645,2503,11148,8675,2559,11234
237,8645,2503,11148,8711,2570,11281
238,8787,2503,11290,8747,2580,11327
239,8787,2503,11290,8783,2590,11373
240,8787,2503,11290,8820,2600,11420
241,8787,2503,11290,8856,2611,11467
242,8881,2503,11384,8892,2621,11513
243,8881,2503,11384,8928,2631,11559
244,8881,2503,11384,8965,2642,11607
245,9023,2503,11526,9001,2652,11653
246,9023,2503,11526,9037,2663,11700
247,9023,2503,11526,9073,2673,11746
248,9023,2645,11668,9109,2683,11792
249,9118,2645,11763,9146,2693,11839
250,9118,2645,11763,9182,2704,11886
251,9259,2645,11904,9218,2714,11932
252,9259,2645,11904,9254,2725,11979
253,9259,2645,11904,9291,2735,12026
254,9259,2645,11904,9327,2745,12072
